题名,作者,文献来源,年,期,DOI,URL,关键词,摘要,中图分类号,来源库,文献类型,filename,dbcode
法学研究2018法治研究示例1,作者1,法学研究,2018,1,10.9999/demo.1,https://kns.cnki.net/kcms2/article/abstract?dbcode=CJFD&filename=DEMO000001,法治;示例,合成演示数据,D90,期刊,期刊论文,DEMO000001,CJFD
法学研究2019法治研究示例2,作者2,法学研究,2019,2,10.9999/demo.2,https://kns.cnki.net/kcms2/article/abstract?dbcode=CJFD&filename=DEMO000002,法治;示例,合成演示数据,D90,期刊,期刊论文,DEMO000002,CJFD
法学研究2020年度法治发展笔谈,作者3,法学研究,2020,3,10.9999/demo.3,https://kns.cnki.net/kcms2/article/abstract?dbcode=CJFD&filename=DEMO000003,法治;示例,合成演示数据,D90,期刊,期刊论文,DEMO000003,CJFD
法学研究2020年第4期征稿启事,作者4,法学研究,2020,4,10.9999/demo.4,https://kns.cnki.net/kcms2/article/abstract?dbcode=CJFD&filename=DEMO000004,法治;示例,合成演示数据,D90,期刊,期刊论文,DEMO000004,CJFD
中国法学2021法治研究示例1,作者5,中国法学,2021,1,10.9999/demo.5,https://kns.cnki.net/kcms2/article/abstract?dbcode=CJFD&filename=DEMO000005,法治;示例,合成演示数据,D90,期刊,期刊论文,DEMO000005,CJFD
中国法学2022法治研究示例2,作者6,中国法学,2022,2,10.9999/demo.6,https://kns.cnki.net/kcms2/article/abstract?dbcode=CJFD&filename=DEMO000006,法治;示例,合成演示数据,D90,期刊,期刊论文,DEMO000006,CJFD
中国法学2023法治研究示例3,作者7,中国法学,2023,3,10.9999/demo.7,https://kns.cnki.net/kcms2/article/abstract?dbcode=CJFD&filename=DEMO000007,法治;示例,合成演示数据,D90,期刊,期刊论文,DEMO000007,CJFD
中外法学2024法治研究示例1,作者8,中外法学,2024,1,10.9999/demo.8,https://kns.cnki.net/kcms2/article/abstract?dbcode=CJFD&filename=DEMO000008,法治;示例,合成演示数据,D90,期刊,期刊论文,DEMO000008,CJFD
中外法学2025法治研究示例2,作者9,中外法学,2025,2,10.9999/demo.9,https://kns.cnki.net/kcms2/article/abstract?dbcode=CJFD&filename=DEMO000009,法治;示例,合成演示数据,D90,期刊,期刊论文,DEMO000009,CJFD
中国社会科学2018跨学科研究示例,作者10,中国社会科学,2018,1,10.9999/demo.10,https://kns.cnki.net/kcms2/article/abstract?dbcode=CJFD&filename=DEMO000010,法治;示例,合成演示数据,,期刊,期刊论文,DEMO000010,CJFD
